items,delivered
appendix,yes
foray,yes
cushion,yes
secretary,yes
mice,yes
appendix,yes
north,yes
revenant,yes
foray,yes
mice,yes
shallot,yes
foray,yes
quiver,yes
cushion,yes
quiver,yes
north,yes
silo,yes
appendix,yes
silo,yes
revenant,yes
influence,yes
secretary,yes
north,yes
sled,yes
north,yes
twilight,yes
north,yes
church,yes
accompanist,yes
sled,yes
twilight,yes
north,yes
arm,yes
church,yes
mice,yes
schedule,yes
secretary,yes
believe,yes
church,yes
sled,yes
secretary,yes
appendix,yes
turkish,yes
north,yes
silo,yes
cushion,yes
pair,yes
pair,yes
silo,yes
secretary,yes
influence,yes
schedule,yes
appendix,yes
sled,yes
quiver,yes
cushion,yes
pair,yes
shallot,yes
north,yes
quiver,yes
accompanist,yes
quiver,yes
sled,yes
schedule,yes
sled,yes
turkish,yes
accompanist,yes
north,yes
shallot,yes
shallot,yes
church,yes
pair,yes
arm,yes
schedule,yes
accompanist,yes
twilight,yes
pair,yes
mice,yes
influence,yes
turkish,yes
mice,yes
appendix,yes
twilight,yes
accompanist,yes
twilight,yes
arm,yes
schedule,yes
schedule,yes
accompanist,yes
cushion,yes
sled,yes
revenant,yes
believe,yes
foray,yes
believe,yes
church,yes
shallot,yes
appendix,yes
revenant,yes
accompanist,yes
